insert into consumption(document) 
values('47857262X');

insert into lineconsumption(id, total_minuts, total_minuts_international, usage_minuts, usage_minuts_international, total_sms, usage_sms) 
values('660647827', 1, 1, 1, 1, 1, 1);
insert into dataconsumption(id, total_bytes, total_bytes_international, total_bytes_bonus, usage_bytes, usage_bytes_international) 
values('660647827', 1, 1, 1, 1, 1);
insert into contracts(phone, consumption_id, contract_type, iccid, pin, puk, tecnology, partner_points, ) 
values('660647827', '47857262X', 'PREPAID', '1', '2', '3', '4', '5');
insert into contractservices(id, contract_id, name, description, activation_date, desactivation_date) 
values(1, '660647827', 'Nombre servicio 1', '1', '2019-01-01', '2019-01-01');
insert into contractservices(id, contract_id, name, description, activation_date, desactivation_date) 
values(2, '660647827', 'Nombre servicio 2', '2', '2019-01-01', '2019-01-01');

insert into lineconsumption(id, total_minuts, total_minuts_international, usage_minuts, usage_minuts_international, total_sms, usage_sms) 
values('654237847', 1, 1, 1, 1, 1, 1);
insert into dataconsumption(id, total_bytes, total_bytes_international, total_bytes_bonus, usage_bytes, usage_bytes_international) 
values('654237847', 1, 1, 1, 1, 1);
insert into contracts(phone, consumption_id, contract_type, iccid, pin, puk, tecnology, partner_points, ) 
values('654237847', '47857262X', 'POSPAID', '1', '2', '3', '4', '5');
insert into contractservices(id, contract_id, name, description, activation_date, desactivation_date) 
values(3, '654237847', 'Nombre servicio 1', '1', '2019-01-01', '2019-01-01');
insert into contractservices(id, contract_id, name, description, activation_date, desactivation_date) 
values(4, '654237847', 'Nombre servicio 2', '2', '2019-01-01', '2019-01-01');





insert into consumption(document) 
values('48639170N');

insert into lineconsumption(id, total_minuts, total_minuts_international, usage_minuts, usage_minuts_international, total_sms, usage_sms) 
values('637847625', 1, 1, 1, 1, 1, 1);
insert into dataconsumption(id, total_bytes, total_bytes_international, total_bytes_bonus, usage_bytes, usage_bytes_international) 
values('637847625', 1, 1, 1, 1, 1);
insert into contracts(phone, consumption_id, contract_type, iccid, pin, puk, tecnology, partner_points, ) 
values('637847625', '48639170N', 'PREPAID', '1', '2', '3', '4', '5');
insert into contractservices(id, contract_id, name, description, activation_date, desactivation_date) 
values(5, '637847625', 'Nombre servicio 1', '1', '2019-01-01', '2019-01-01');
insert into contractservices(id, contract_id, name, description, activation_date, desactivation_date) 
values(6, '637847625', 'Nombre servicio 2', '2', '2019-01-01', '2019-01-01');

insert into lineconsumption(id, total_minuts, total_minuts_international, usage_minuts, usage_minuts_international, total_sms, usage_sms) 
values('672635546', 1, 1, 1, 1, 1, 1);
insert into dataconsumption(id, total_bytes, total_bytes_international, total_bytes_bonus, usage_bytes, usage_bytes_international) 
values('672635546', 1, 1, 1, 1, 1);
insert into contracts(phone, consumption_id, contract_type, iccid, pin, puk, tecnology, partner_points, ) 
values('672635546', '48639170N', 'POSPAID', '1', '2', '3', '4', '5');
insert into contractservices(id, contract_id, name, description, activation_date, desactivation_date) 
values(7, '672635546', 'Nombre servicio 1', '1', '2019-01-01', '2019-01-01');
insert into contractservices(id, contract_id, name, description, activation_date, desactivation_date) 
values(8, '672635546', 'Nombre servicio 2', '2', '2019-01-01', '2019-01-01');